{"cameraMode":{"drawMode":0,"name":"Shaded","section":"Shading Mode"},"sceneLighting":true,"audioPlay":false,"sceneViewState":{"showFog":false,"showMaterialUpdate":false,"showSkybox":true,"showFlares":false,"showImageEffects":false,"showParticleSystems":false},"in2DMode":false,"pivot":{"x":1.8786728382110596,"y":8.128951072692871,"z":12.792349815368653},"rotation":{"x":-0.001805321779102087,"y":-0.9979081749916077,"z":0.05634308233857155,"w":-0.031743187457323077},"size":2.9490466117858888,"orthographic":false}